<DATE>,<TIME>,<OPEN>,<HIGH>,<LOW>,<CLOSE>,<VOL>
20200728,145200,108.38,108.38,108.38,108.38,5
20200728,145800,108.64,108.64,108.64,108.64,1
20200728,150000,108.64,108.64,108.64,108.64,0
20200729,93500,107.61,107.61,107.61,107.61,3
20200729,94700,107.83,107.83,107.83,107.83,2
20200729,94900,108.04,108.05,108.04,108.05,10
20200729,95800,108.51,108.63,108.51,108.63,2
20200729,95900,108.5,108.5,108.5,108.5,1
20200729,100000,108.56,108.56,108.56,108.56,3
20200729,100300,108.04,108.04,107.99,107.99,153
20200729,100800,108.32,108.32,108.32,108.32,1
20200729,100900,108.32,108.32,108.32,108.32,2
20200729,101100,108.01,108.01,107.97,107.97,193
20200729,101200,108.0,108.0,108.0,108.0,53
20200729,101300,107.88,107.88,107.88,107.88,3
20200729,101400,108.0,108.0,108.0,108.0,135
20200729,101500,108.0,108.0,108.0,108.0,23
20200729,101700,108.1,108.1,108.1,108.1,1
20200729,101800,108.1,108.1,108.1,108.1,2
20200729,102200,108.51,108.51,108.51,108.51,10
20200729,102600,108.44,108.44,108.44,108.44,5
20200729,103000,108.4,108.4,108.4,108.4,52
20200729,103300,108.4,108.4,108.4,108.4,52
20200729,103700,108.4,108.4,108.4,108.4,4
20200729,103900,108.4,108.4,108.4,108.4,1
20200729,104400,108.4,108.4,108.4,108.4,1
20200729,104600,108.6,108.6,108.6,108.6,15
20200729,104700,108.6,108.71,108.59,108.59,64
20200729,104800,108.88,108.88,108.88,108.88,1
20200729,104900,108.86,108.86,108.6,108.6,9
20200729,105000,108.8,108.8,108.78,108.78,31
20200729,105200,108.72,108.72,108.72,108.72,64
20200729,105600,108.87,108.87,108.85,108.85,45
20200729,105700,108.86,108.96,108.86,108.96,8
20200729,105800,108.86,108.86,108.86,108.86,2
20200729,105900,108.86,108.86,108.86,108.86,12
20200729,110100,108.75,108.75,108.75,108.75,2
20200729,110800,108.88,108.88,108.88,108.88,50
20200729,110900,108.87,108.96,108.87,108.96,89
20200729,111400,108.96,108.96,108.96,108.96,1
20200729,111500,109.0,109.0,109.0,109.0,1
20200729,112100,109.16,109.16,109.16,109.16,5
20200729,130100,109.1,109.22,109.1,109.22,6
20200729,130200,108.67,108.67,108.67,108.67,10
20200729,130300,108.97,108.97,108.97,108.97,1
20200729,131200,109.25,109.25,109.25,109.25,1
20200729,131700,109.1,109.1,109.1,109.1,4
20200729,132500,109.1,109.1,109.1,109.1,1
20200729,132800,109.13,109.13,109.13,109.13,1
20200729,133000,109.13,109.13,109.13,109.13,1
20200729,133100,108.8,108.8,108.8,108.8,4
20200729,133900,109.12,109.12,109.12,109.12,1
20200729,134900,108.84,108.84,108.83,108.83,6
20200729,135000,108.84,108.84,108.84,108.84,40
20200729,135500,108.77,108.77,108.77,108.77,3
20200729,135900,108.84,108.84,108.84,108.84,10
20200729,141100,108.84,108.84,108.84,108.84,80
20200729,141400,108.84,108.84,108.84,108.84,2
20200729,142100,108.77,108.77,108.77,108.77,4
20200729,142500,108.79,108.79,108.79,108.79,1
20200729,142700,108.67,108.67,108.67,108.67,3
20200729,142900,108.68,108.68,108.68,108.68,52
20200729,143100,108.7,108.76,108.7,108.76,15
20200729,143500,108.64,108.64,108.64,108.64,2
20200729,143700,108.67,108.67,108.67,108.67,32
20200729,144100,108.68,108.84,108.68,108.84,86
20200729,144300,108.84,108.84,108.84,108.84,78
20200729,144400,108.84,108.84,108.84,108.84,2
20200729,144600,109.0,109.0,109.0,109.0,506
20200729,145000,109.03,109.03,109.03,109.03,2
20200729,145200,109.01,109.01,109.0,109.0,50
20200729,145500,109.37,109.37,109.37,109.37,30
20200729,145700,108.64,108.64,108.64,108.64,12
20200729,150000,108.64,108.64,108.64,108.64,0
20200730,94900,108.46,108.46,108.46,108.46,8
20200730,95600,108.62,108.62,108.62,108.62,2
20200730,95700,108.62,108.62,108.6,108.6,3
20200730,100000,108.64,108.64,108.64,108.64,4
20200730,100200,109.25,109.25,108.82,108.84,5
20200730,100600,108.66,108.66,108.65,108.65,4
20200730,100800,108.82,108.82,108.82,108.82,1
20200730,101700,108.9,108.9,108.9,108.9,1
20200730,102000,108.91,108.96,108.91,108.96,79
20200730,102200,108.91,108.91,108.91,108.91,1
20200730,102800,109.14,109.14,109.14,109.14,1
20200730,103000,109.01,109.01,109.01,109.01,5
20200730,103200,109.01,109.01,109.01,109.01,1
20200730,103400,109.0,109.0,109.0,109.0,72
20200730,103900,109.05,109.05,109.05,109.05,10
20200730,104200,109.05,109.05,109.05,109.05,1
20200730,104300,109.22,109.22,109.22,109.22,3
20200730,104600,109.23,109.23,109.23,109.23,3
20200730,105200,109.17,109.17,109.0,109.0,2
20200730,105700,109.03,109.03,109.03,109.03,1
20200730,110200,109.05,109.05,109.05,109.05,1
20200730,111500,109.1,109.1,109.1,109.1,1
20200730,112300,109.1,109.13,109.1,109.13,2
20200730,112400,109.18,109.18,109.18,109.18,7
20200730,112500,109.18,109.27,109.18,109.27,185
20200730,112600,110.0,110.0,110.0,110.0,2
20200730,112700,109.44,109.44,109.18,109.18,66
20200730,112800,109.14,109.14,109.0,109.01,115
20200730,130100,109.0,109.0,109.0,109.0,8
20200730,130200,109.0,109.15,109.0,109.15,4
20200730,130300,109.16,109.16,109.16,109.16,1
20200730,131200,109.21,109.21,109.21,109.21,1
20200730,132000,109.21,109.21,109.21,109.21,1
20200730,132100,109.21,109.47,109.18,109.47,148
20200730,132200,109.49,109.56,109.49,109.56,12
20200730,132300,109.51,109.51,109.51,109.51,1
20200730,132600,109.76,109.76,109.76,109.76,12
20200730,132700,109.77,109.91,109.77,109.91,4
20200730,132800,109.91,109.91,109.91,109.91,2
20200730,132900,109.93,109.99,109.5,109.98,55
20200730,133300,109.57,109.57,109.57,109.57,1
20200730,133700,109.52,109.52,109.52,109.52,10
20200730,134000,109.74,109.74,109.74,109.74,4
20200730,134100,109.75,109.75,109.75,109.75,48
20200730,134200,109.75,109.75,109.75,109.75,1
20200730,134400,109.75,109.75,109.75,109.75,4
20200730,134500,109.75,109.75,109.75,109.75,2
20200730,134600,109.75,109.75,109.75,109.75,5
20200730,135000,109.75,109.75,109.75,109.75,145
20200730,135200,109.75,109.75,109.75,109.75,1
20200730,135800,109.75,109.75,109.75,109.75,24
20200730,140100,109.84,109.84,109.76,109.76,11
20200730,140800,109.76,109.98,109.76,109.98,2
20200730,141000,109.76,109.76,109.75,109.76,40
20200730,141200,109.76,109.76,109.76,109.76,54
20200730,141700,109.75,109.75,109.75,109.75,10
20200730,142100,109.96,109.96,109.96,109.96,53
20200730,142300,109.98,109.98,109.98,109.98,10
20200730,143100,109.97,109.97,109.97,109.97,10
20200730,143300,109.96,109.96,109.96,109.96,6
20200730,143700,109.98,110.0,109.98,109.99,70
20200730,143900,109.96,109.96,109.96,109.96,68
20200730,144000,109.98,109.99,109.98,109.99,152
20200730,144200,109.96,109.96,109.96,109.96,58
20200730,144300,109.96,109.96,109.96,109.96,10
20200730,144900,109.97,109.97,109.97,109.97,3
20200730,145000,109.96,109.96,109.96,109.96,5
20200730,145600,109.97,109.97,109.97,109.97,1
20200730,145700,109.96,109.96,109.96,109.96,16
20200730,150000,109.96,109.96,109.96,109.96,0
20200731,93100,109.96,111.0,109.96,110.77,11
20200731,93400,110.76,110.76,110.76,110.76,1
20200731,94400,110.74,110.74,110.74,110.74,5
20200731,94500,110.74,110.74,110.74,110.74,81
20200731,94700,110.01,110.01,110.01,110.01,3
20200731,94900,110.01,110.01,110.01,110.01,1
20200731,95500,110.21,110.21,110.21,110.21,13
20200731,100700,110.39,110.39,110.39,110.39,1
20200731,100800,110.25,110.25,110.25,110.25,1
20200731,101200,110.26,110.26,110.26,110.26,1
20200731,102900,110.4,110.4,110.4,110.4,5
20200731,103000,110.3,110.3,110.3,110.3,14
20200731,103100,110.3,110.3,110.3,110.3,20
20200731,103400,110.3,110.3,110.3,110.3,3
20200731,103600,110.3,110.3,110.3,110.3,7
20200731,103800,110.41,110.41,110.41,110.41,1
20200731,104200,110.25,110.25,110.25,110.25,24
20200731,110200,110.26,110.26,110.26,110.26,7
20200731,110400,110.41,110.41,110.41,110.41,1
20200731,110500,110.41,110.41,110.41,110.41,1
20200731,110700,110.25,110.25,110.25,110.25,5
20200731,110900,110.4,110.4,110.4,110.4,1
20200731,112200,110.41,110.41,110.41,110.41,5
20200731,130300,110.21,110.21,110.2,110.2,37
20200731,130400,110.2,110.21,110.2,110.21,20
20200731,130700,110.2,110.2,110.2,110.2,1
20200731,131800,110.0,110.0,109.96,109.96,54
20200731,132000,109.83,109.85,109.83,109.85,11
20200731,132200,109.89,109.89,109.89,109.89,10
20200731,132400,109.83,109.83,109.83,109.83,3
20200731,134500,109.83,109.83,109.83,109.83,1
20200731,135500,109.93,109.93,109.93,109.93,1
20200731,141600,109.91,109.91,109.91,109.91,1
20200731,142000,109.94,110.0,109.94,110.0,210
20200731,142400,110.0,110.0,110.0,110.0,40
20200731,143000,109.99,109.99,109.99,109.99,1
20200731,143100,109.97,109.97,109.97,109.97,10
20200731,143600,109.95,109.95,109.95,109.95,1
20200731,143700,109.95,109.95,109.95,109.95,1
20200731,144400,109.95,109.95,109.95,109.95,5
20200731,144600,109.95,109.95,109.95,109.95,20
20200731,144800,109.83,109.83,109.83,109.83,1
20200731,145100,109.83,109.83,109.83,109.83,1
20200731,145500,109.83,109.83,109.83,109.83,8
20200731,145600,109.95,109.95,109.95,109.95,1
20200731,145900,109.94,109.94,109.94,109.94,1
20200731,150000,109.94,109.94,109.94,109.94,0
20200803,93100,111.0,111.0,109.95,110.46,12
20200803,93400,110.23,110.23,110.23,110.23,9
20200803,93600,110.59,110.59,110.21,110.21,3
20200803,93700,110.21,110.21,110.21,110.21,3
20200803,93800,110.22,110.22,110.22,110.22,2
20200803,94000,110.59,110.59,110.59,110.59,1
20200803,94100,110.59,110.59,110.22,110.22,2
20200803,94300,110.6,110.6,110.6,110.6,8
20200803,94400,110.6,110.6,110.6,110.6,1
20200803,94500,110.6,110.6,110.6,110.6,1
20200803,94700,110.6,110.6,110.59,110.59,27
20200803,94900,110.59,110.59,110.59,110.59,6
20200803,95000,110.6,110.6,110.59,110.59,11
20200803,95200,110.59,110.59,110.59,110.59,1
20200803,95400,110.59,110.59,110.59,110.59,10
20200803,95500,110.59,110.59,110.59,110.59,27
20200803,95700,110.59,110.59,110.59,110.59,1
20200803,95900,110.59,110.59,110.59,110.59,14
20200803,100000,110.59,110.59,110.59,110.59,1
20200803,100100,110.6,110.6,110.6,110.6,1
20200803,100200,110.59,110.59,110.59,110.59,24
20200803,100300,110.3,110.3,110.3,110.3,1
20200803,100400,110.6,110.6,110.6,110.6,45
20200803,100500,110.22,110.6,110.22,110.22,35
20200803,100600,110.6,110.6,110.6,110.6,1
20200803,100700,110.22,110.22,110.22,110.22,3
20200803,100800,110.21,110.21,110.21,110.21,1
20200803,101100,110.21,110.21,110.0,110.05,10
20200803,101200,110.01,110.01,110.01,110.01,3
20200803,101300,110.0,110.0,109.95,109.95,9
20200803,101600,109.96,109.96,109.96,109.96,1
20200803,101900,109.95,109.95,109.95,109.95,1
20200803,102100,109.95,109.95,109.95,109.95,1
20200803,102400,110.0,110.0,110.0,110.0,1
20200803,102700,110.01,110.01,110.01,110.01,1
20200803,103000,110.04,110.11,110.04,110.11,9
20200803,103100,110.18,110.18,110.18,110.18,1
20200803,103200,110.2,110.2,110.11,110.11,60
20200803,103300,110.15,110.19,110.15,110.19,50
20200803,103500,110.16,110.16,110.16,110.16,1
20200803,103800,110.16,110.19,110.16,110.19,19
20200803,103900,110.19,110.19,110.19,110.19,14
20200803,104000,110.19,110.19,110.16,110.16,15
20200803,104300,110.16,110.19,110.16,110.19,91
20200803,104400,110.19,110.19,110.19,110.19,900
20200803,104600,110.1,110.1,110.1,110.1,1
20200803,104800,110.1,110.1,110.1,110.1,1
20200803,105000,110.19,110.19,110.19,110.19,1
20200803,105100,110.1,110.1,110.1,110.1,1
20200803,105400,110.1,110.1,110.1,110.1,1
20200803,105500,110.1,110.1,110.1,110.1,2
20200803,105600,110.03,110.03,110.03,110.03,1
20200803,105900,110.03,110.03,110.03,110.03,1
20200803,110000,109.96,109.96,109.96,109.96,1
20200803,110200,109.96,109.96,109.96,109.96,1
20200803,110400,109.95,109.95,109.95,109.95,22
20200803,111000,110.1,110.1,109.98,109.98,3
20200803,111300,109.99,109.99,109.99,109.99,5
20200803,111400,109.98,109.98,109.98,109.98,2
20200803,111500,109.96,109.96,109.93,109.96,14
20200803,112200,109.99,109.99,109.99,109.99,5
20200803,112400,110.19,110.19,110.19,110.19,2
20200803,113000,109.99,109.99,109.99,109.99,5
20200803,130100,110.18,110.18,109.9,109.9,39
20200803,130300,110.18,110.19,110.18,110.19,13
20200803,130400,110.19,110.19,110.19,110.19,12
20200803,130500,110.19,110.19,110.19,110.19,1
20200803,130900,109.97,109.98,109.5,109.5,46
20200803,131000,109.54,109.54,109.54,109.54,29
20200803,131100,110.16,110.16,110.16,110.16,1
20200803,131300,110.0,110.0,110.0,110.0,1
20200803,131800,110.0,110.0,110.0,110.0,135
20200803,131900,110.0,110.0,110.0,110.0,68
20200803,132300,110.0,110.0,110.0,110.0,40
20200803,132500,109.99,110.0,109.99,110.0,234
20200803,132600,110.0,110.0,109.74,109.74,66
20200803,132700,109.75,109.76,109.72,109.72,29
20200803,132800,109.71,109.74,109.71,109.74,103
20200803,132900,109.9,109.9,109.9,109.9,8
20200803,133200,109.91,109.91,109.91,109.91,10
20200803,133600,109.91,109.99,109.89,109.89,4
20200803,133800,109.9,109.9,109.9,109.9,19
20200803,133900,109.98,109.98,109.98,109.98,6
20200803,134100,109.89,109.89,109.85,109.85,31
20200803,134200,109.87,109.88,109.86,109.88,47
20200803,134300,109.83,109.83,109.82,109.82,13
20200803,134600,109.8,109.8,109.8,109.8,4
20200803,134900,109.76,109.76,109.76,109.76,6
20200803,135400,109.8,109.8,109.8,109.8,161
20200803,135600,109.81,109.81,109.81,109.81,1
20200803,135800,109.81,109.81,109.81,109.81,9
20200803,140100,109.98,110.0,109.98,110.0,57
20200803,141400,109.87,109.87,109.87,109.87,2
20200803,142100,109.88,109.88,109.88,109.88,2
20200803,142200,109.99,109.99,109.99,109.99,15
20200803,143000,109.98,109.98,109.98,109.98,3
20200803,143400,109.98,109.98,109.98,109.98,1
20200803,143700,109.93,109.93,109.93,109.93,1
20200803,143900,109.98,109.98,109.98,109.98,1
20200803,144000,109.98,109.98,109.98,109.98,4
20200803,144400,109.89,109.89,109.89,109.89,4
20200803,144800,110.0,110.0,110.0,110.0,1503
20200803,145000,110.0,110.0,110.0,110.0,1
20200803,145200,110.0,110.0,110.0,110.0,54
20200803,145300,110.18,110.18,110.18,110.18,11
20200803,145400,110.01,110.01,110.01,110.01,1
20200803,145500,110.18,110.18,110.18,110.18,4
20200803,145600,110.12,110.12,110.12,110.12,1
20200803,145700,110.0,110.0,110.0,110.0,32
20200803,145800,109.99,109.99,109.99,109.99,1
20200803,150000,109.99,110.0,109.99,110.0,0
20200804,93300,110.3,110.3,110.11,110.11,30
20200804,93500,110.3,110.3,110.3,110.3,4
20200804,93600,110.28,110.28,110.28,110.28,5
20200804,94000,110.58,110.59,110.58,110.59,3
20200804,94200,110.57,110.57,110.35,110.35,4
20200804,94300,110.35,110.35,110.35,110.35,3
20200804,94400,110.33,110.4,110.33,110.4,4
20200804,94600,110.37,110.37,110.12,110.12,16
20200804,94800,110.33,110.33,110.33,110.33,1
20200804,94900,110.33,110.33,110.33,110.33,4
20200804,95100,110.62,110.62,110.62,110.62,1
20200804,95300,110.61,110.61,110.61,110.61,4
20200804,95500,110.61,110.61,110.61,110.61,1
20200804,95700,110.61,110.61,110.61,110.61,6
20200804,95800,110.4,110.4,110.4,110.4,1
20200804,95900,110.61,110.61,110.61,110.61,1
20200804,100100,110.6,110.6,110.59,110.59,16
20200804,100300,110.6,110.6,110.6,110.6,2
20200804,100500,110.6,110.6,110.6,110.6,1
20200804,100600,110.33,110.33,110.33,110.33,81
20200804,100700,110.55,110.55,110.55,110.55,1
20200804,100800,110.53,110.53,110.53,110.53,7
20200804,100900,110.58,110.58,110.58,110.58,1
20200804,101100,110.58,110.58,110.58,110.58,1
20200804,101300,110.58,110.58,110.53,110.53,3
20200804,101500,110.49,110.49,110.49,110.49,1
20200804,101600,110.49,110.49,110.49,110.49,2
20200804,101800,110.48,110.48,110.48,110.48,1
20200804,102000,110.48,110.48,110.48,110.48,1
20200804,102200,110.47,110.47,110.47,110.47,1
20200804,102400,110.48,110.49,110.48,110.48,151
20200804,102500,110.49,110.49,110.49,110.49,100
20200804,102600,110.49,110.49,110.48,110.48,2
20200804,102800,110.48,110.48,110.33,110.33,2
20200804,103000,110.48,110.48,110.48,110.48,1
20200804,103200,110.47,110.47,110.47,110.47,1
20200804,103400,110.46,110.46,110.46,110.46,1
20200804,103600,110.46,110.46,110.46,110.46,1
20200804,103700,110.33,110.33,110.33,110.33,5
20200804,103800,110.3,110.3,110.3,110.3,1
20200804,104000,110.3,110.3,110.3,110.3,1
20200804,104200,110.3,110.3,110.3,110.3,1
20200804,104300,110.3,110.3,110.3,110.3,1
20200804,104400,110.2,110.2,110.2,110.2,1
20200804,104500,110.3,110.3,110.3,110.3,1
20200804,104700,110.3,110.3,110.3,110.3,1
20200804,104900,110.3,110.3,110.3,110.3,1
20200804,105100,110.3,110.3,110.3,110.3,1
20200804,105300,110.3,110.3,110.3,110.3,1
20200804,105500,110.3,110.3,110.3,110.3,1
20200804,105700,110.3,110.3,110.3,110.3,1
20200804,105900,110.3,110.3,110.3,110.3,1
20200804,110100,110.3,110.3,110.3,110.3,1
20200804,110300,110.3,110.3,110.3,110.3,1
20200804,110400,110.3,110.3,110.21,110.21,4
20200804,110500,110.29,110.29,110.29,110.29,1
20200804,110700,110.29,110.29,110.29,110.29,11
20200804,110900,110.29,110.29,110.29,110.29,1
20200804,111100,110.29,110.29,110.21,110.21,2
20200804,111200,110.29,110.29,110.29,110.29,1
20200804,111500,110.29,110.29,110.29,110.29,1
20200804,111600,110.29,110.29,110.29,110.29,1
20200804,111900,110.28,110.28,110.28,110.28,1
20200804,112400,110.27,110.27,110.27,110.27,1
20200804,130100,110.0,110.28,110.0,110.28,53
20200804,130600,109.93,109.93,109.93,109.93,9
20200804,131200,109.94,109.94,109.94,109.94,6
20200804,132400,110.29,110.49,110.29,110.49,476
20200804,132500,110.13,110.16,110.13,110.16,205
20200804,132600,110.17,110.17,110.02,110.02,203
20200804,132700,110.15,110.15,110.15,110.15,2
20200804,133000,110.05,110.05,110.05,110.05,2
20200804,133100,110.05,110.05,110.05,110.05,1
20200804,133500,110.05,110.17,110.0,110.0,9
20200804,133600,110.05,110.05,110.04,110.04,75
20200804,133800,110.05,110.1,110.02,110.1,25
20200804,134100,110.0,110.0,110.0,110.0,19
20200804,134300,110.0,110.0,110.0,110.0,25
20200804,135000,110.03,110.05,110.03,110.04,49
20200804,135100,110.17,110.17,110.17,110.17,56
20200804,135300,109.97,109.97,109.97,109.97,7
20200804,135900,110.14,110.14,110.14,110.14,2
20200804,140000,110.2,110.39,110.2,110.39,26
20200804,140200,110.38,110.38,110.37,110.37,140
20200804,140300,110.3,110.3,110.3,110.3,31
20200804,140400,110.3,110.3,110.3,110.3,11
20200804,140500,110.3,110.3,110.3,110.3,26
20200804,140800,110.37,110.37,110.37,110.37,1
20200804,140900,110.42,110.42,110.42,110.42,106
20200804,141100,110.35,110.35,110.35,110.35,6
20200804,141300,110.35,110.35,110.35,110.35,4
20200804,141600,110.41,110.42,110.41,110.42,87
20200804,141700,110.42,110.42,110.42,110.42,5
20200804,141900,110.43,110.5,110.43,110.5,133
20200804,142000,110.5,110.5,110.5,110.5,4
20200804,142100,110.43,110.43,110.43,110.43,4
20200804,142900,110.43,110.43,110.43,110.43,203
20200804,143100,110.43,110.43,110.43,110.43,304
20200804,143400,110.43,110.43,110.43,110.43,10
20200804,144100,110.49,110.49,110.49,110.49,1
20200804,144900,110.43,110.43,110.43,110.43,3
20200804,145400,110.43,110.43,110.43,110.43,1
20200804,145600,110.49,110.49,110.49,110.49,51
20200804,145800,110.49,110.49,110.49,110.49,1
20200804,145900,110.49,110.49,110.49,110.49,56
20200804,150000,110.49,110.49,110.49,110.49,0
20200805,93100,110.78,110.8,110.78,110.78,4
20200805,93200,110.51,110.51,110.51,110.51,1
20200805,93500,110.75,110.75,110.49,110.5,26
20200805,93600,110.49,110.51,110.45,110.45,47
20200805,93700,110.73,110.73,110.73,110.73,1
20200805,94200,110.37,110.37,110.37,110.37,2
20200805,94900,110.45,110.46,110.45,110.46,30
20200805,95100,110.46,110.46,110.46,110.46,1
20200805,95800,110.47,110.47,110.47,110.47,10
20200805,95900,110.46,110.46,110.46,110.46,10
20200805,100000,110.46,110.46,110.46,110.46,71
20200805,100300,110.4,110.4,110.4,110.4,2
20200805,100400,110.49,110.49,109.78,109.78,12
20200805,100900,110.49,110.49,110.49,110.49,1
20200805,101400,109.97,109.97,109.97,109.97,3
20200805,101800,109.8,109.8,109.79,109.8,103
20200805,101900,109.8,109.8,109.8,109.8,40
20200805,102000,109.78,109.8,109.67,109.67,42
20200805,102100,109.67,109.67,109.67,109.67,2
20200805,103000,109.51,109.51,109.5,109.5,5
20200805,103100,109.59,109.59,109.59,109.59,1
20200805,103200,109.42,109.42,109.41,109.41,7
20200805,103400,109.4,109.4,109.18,109.18,91
20200805,103600,109.26,109.26,109.26,109.26,1
20200805,104000,109.25,109.51,109.25,109.48,1137
20200805,104100,109.46,109.46,109.46,109.46,5
20200805,104200,109.78,109.78,109.78,109.78,5
20200805,104800,109.8,109.8,109.8,109.8,90
20200805,105000,109.8,109.8,109.8,109.8,1
20200805,105500,109.77,109.77,109.77,109.77,3
20200805,105600,109.79,109.79,109.79,109.79,1
20200805,110700,109.78,109.78,109.78,109.78,1
20200805,111000,109.8,109.8,109.8,109.8,830
20200805,111100,109.8,109.8,109.8,109.8,95
20200805,112600,110.16,110.16,110.12,110.12,23
20200805,112700,110.11,110.29,110.0,110.29,85
20200805,130100,110.29,110.37,110.28,110.28,14
20200805,130400,110.3,110.3,110.3,110.3,1
20200805,131800,110.38,110.38,110.38,110.38,4
20200805,131900,110.21,110.39,110.21,110.39,2
20200805,134700,110.22,110.27,110.22,110.27,16
20200805,134900,110.28,110.4,110.28,110.4,14
20200805,135000,110.1,110.1,110.09,110.1,1479
20200805,135100,110.1,110.1,110.1,110.1,159
20200805,135200,110.11,110.11,110.11,110.11,3
20200805,135300,110.09,110.1,110.09,110.1,1261
20200805,135400,110.0,110.0,110.0,110.0,4
20200805,135700,110.1,110.1,110.1,110.1,14
20200805,135800,110.1,110.1,110.1,110.1,1000
20200805,135900,110.1,110.1,110.1,110.1,53
20200805,140000,110.1,110.1,110.1,110.1,61
20200805,140100,110.1,110.1,110.1,110.1,22
20200805,140700,110.44,110.44,110.44,110.44,1
20200805,141700,110.11,110.11,110.11,110.11,1
20200805,141800,110.11,110.11,110.1,110.1,3
20200805,141900,110.25,110.25,110.25,110.25,1
20200805,142000,110.25,110.25,110.25,110.25,1
20200805,142200,110.25,110.27,110.12,110.12,12
20200805,142300,110.01,110.01,110.01,110.01,7
20200805,142400,110.15,110.2,110.15,110.2,5
20200805,142500,110.01,110.01,110.01,110.01,4
20200805,142600,110.15,110.15,110.15,110.15,3
20200805,143300,110.15,110.15,110.15,110.15,19
20200805,143400,110.13,110.13,110.13,110.13,19
20200805,143500,110.14,110.14,110.1,110.1,67
20200805,143800,110.01,110.01,110.01,110.01,1
20200805,143900,110.0,110.0,110.0,110.0,1
20200805,144300,110.03,110.07,110.03,110.06,8
20200805,144500,110.01,110.01,110.0,110.0,2
20200805,144800,110.03,110.03,110.03,110.03,39
20200805,145300,110.05,110.05,110.05,110.05,50
20200805,145400,110.05,110.05,110.05,110.05,56
20200805,145600,110.05,110.05,110.05,110.05,39
20200805,145700,110.05,110.05,110.04,110.04,10
20200805,150000,110.04,110.05,110.04,110.05,0
20200806,93100,110.03,110.03,110.03,110.03,6
20200806,93200,110.02,110.02,110.02,110.02,1
20200806,93400,110.04,110.04,110.04,110.04,2
20200806,93600,110.04,110.04,110.04,110.04,1
20200806,94200,110.04,110.04,110.04,110.04,1
20200806,95000,110.03,110.05,110.03,110.05,121
20200806,95100,110.04,110.05,110.04,110.05,130
20200806,95200,109.96,110.05,109.96,110.05,297
20200806,95300,110.05,110.05,109.87,110.0,77
20200806,95400,110.0,110.05,110.0,110.05,1626
20200806,95500,110.05,110.09,109.93,109.96,551
20200806,95600,109.76,110.24,109.76,110.24,165
20200806,95700,110.22,110.63,110.2,110.5,1011
20200806,95800,110.23,110.24,110.2,110.2,136
20200806,95900,110.06,110.06,110.05,110.05,59
20200806,100000,109.97,110.12,109.97,109.97,40
20200806,100100,110.17,110.17,110.02,110.02,11
20200806,100200,110.15,110.18,110.14,110.18,20
20200806,100300,110.2,110.2,110.19,110.19,4
20200806,100400,110.11,110.35,109.94,110.11,144
20200806,100500,110.2,110.2,109.94,109.94,202
20200806,100900,110.18,110.18,110.18,110.18,16
20200806,101000,110.23,112.45,110.23,110.96,1223
20200806,101100,112.0,112.0,111.16,111.2,525
20200806,101200,111.2,111.49,110.7,111.49,455
20200806,101300,111.11,111.11,110.76,110.77,39
20200806,101400,110.83,110.85,110.4,110.4,121
20200806,101500,110.4,110.69,110.4,110.69,34
20200806,101600,110.72,111.08,110.72,111.08,193
20200806,101700,110.79,110.98,110.76,110.98,47
20200806,101800,110.99,110.99,110.81,110.96,39
20200806,101900,110.8,110.8,110.7,110.73,273
20200806,102100,110.83,110.99,110.83,110.99,73
20200806,102300,110.97,110.97,110.97,110.97,1
20200806,102400,110.78,110.8,110.78,110.8,36
20200806,102500,110.95,110.95,110.88,110.88,119
20200806,102600,110.95,110.96,110.95,110.96,176
20200806,102700,111.0,111.0,110.98,110.98,210
20200806,102800,110.96,111.08,110.96,111.07,323
20200806,102900,111.0,111.07,110.96,111.07,416
20200806,103000,110.88,111.1,110.88,111.1,264
20200806,103100,111.1,111.1,111.1,111.1,142
20200806,103200,111.1,111.17,111.1,111.17,170
20200806,103300,111.1,111.1,111.1,111.1,235
20200806,103400,111.1,111.17,111.1,111.16,50
20200806,103500,111.1,111.1,111.1,111.1,36
20200806,103700,111.35,111.35,111.35,111.35,100
20200806,103800,111.02,111.25,111.02,111.25,3
20200806,103900,111.23,111.23,110.91,110.91,94
20200806,104400,110.93,110.93,110.93,110.93,6
20200806,104500,110.93,110.93,110.93,110.93,30
20200806,104600,110.93,110.93,110.93,110.93,23
20200806,104700,110.89,110.89,110.88,110.88,50
20200806,104800,110.88,110.95,110.88,110.95,215
20200806,104900,111.0,111.0,111.0,111.0,16
20200806,105200,111.21,111.21,111.21,111.21,19
20200806,105300,111.26,111.26,111.19,111.19,106
20200806,105500,110.9,110.9,110.9,110.9,40
20200806,105900,110.88,110.88,110.88,110.88,37
20200806,110000,110.88,110.88,110.88,110.88,90
20200806,110100,110.88,110.94,110.88,110.93,137
20200806,110200,110.93,110.93,110.88,110.93,49
20200806,110300,110.88,110.93,110.88,110.89,60
20200806,110400,110.88,110.88,110.88,110.88,412
20200806,110500,110.6,110.6,110.6,110.6,45
20200806,110600,110.6,110.6,110.6,110.6,39
20200806,110700,110.62,110.81,110.61,110.81,34
20200806,110800,110.62,110.63,110.62,110.63,25
20200806,111200,110.63,110.63,110.63,110.63,5
20200806,111400,111.0,111.0,111.0,111.0,11
20200806,111500,111.09,111.09,110.97,110.97,16
20200806,111700,110.97,110.97,110.97,110.97,1
20200806,111800,110.97,110.97,110.97,110.97,18
20200806,112300,111.1,111.1,111.1,111.1,5
20200806,112500,110.97,110.97,110.97,110.97,22
20200806,112600,111.05,111.05,111.05,111.05,20
20200806,112800,110.82,110.82,110.82,110.82,8
20200806,112900,110.82,110.82,110.82,110.82,2
20200806,130100,110.84,110.84,110.84,110.84,9
20200806,130400,110.86,110.86,110.86,110.86,20
20200806,130900,110.87,110.87,110.87,110.87,1
20200806,131200,110.93,110.93,110.93,110.93,1
20200806,132600,110.94,110.95,110.94,110.95,21
20200806,132800,110.93,110.93,110.93,110.93,20
20200806,133000,110.97,110.98,110.96,110.96,63
20200806,133500,110.85,110.85,110.85,110.85,889
20200806,133600,110.85,110.85,110.85,110.85,80
20200806,135800,110.85,110.85,110.85,110.85,71
20200806,140000,110.73,110.84,110.73,110.84,2
20200806,140200,110.85,110.85,110.85,110.85,40
20200806,140600,110.8,110.8,110.73,110.73,24
20200806,140700,110.7,110.7,110.7,110.7,1
20200806,141000,110.7,110.7,110.7,110.7,10
20200806,141200,110.9,110.9,110.9,110.9,17
20200806,142000,110.9,110.9,110.9,110.9,1
20200806,142200,110.9,110.9,110.9,110.9,1
20200806,142300,110.9,110.9,110.9,110.9,5
20200806,142400,111.0,111.1,111.0,111.1,66
20200806,142500,111.05,111.05,111.05,111.05,2
20200806,142600,111.0,111.0,111.0,111.0,212
20200806,142700,111.01,111.05,111.0,111.05,137
20200806,142800,111.0,111.15,111.0,111.15,141
20200806,144000,111.13,111.13,111.13,111.13,10
20200806,144400,111.32,111.32,111.32,111.32,7
20200806,144700,111.22,111.22,111.22,111.22,3
20200806,144800,111.21,111.23,111.21,111.23,13
20200806,144900,111.35,111.36,111.35,111.36,9
20200806,145000,111.4,111.4,111.4,111.4,10
20200806,145200,111.24,111.24,111.23,111.23,64
20200806,145400,111.23,111.23,111.23,111.23,56
20200806,145500,111.33,111.33,111.33,111.33,5
20200806,145600,111.25,111.25,111.25,111.25,23
20200806,145700,111.25,111.25,111.25,111.25,20
20200806,145800,111.32,111.32,111.25,111.25,6
20200806,145900,111.32,111.32,111.32,111.32,1
20200806,150000,111.25,111.25,111.25,111.25,10
20200807,93100,111.25,111.25,111.25,111.25,1
20200807,93200,111.3,111.3,111.3,111.3,5
20200807,93500,111.62,111.79,111.46,111.46,19
20200807,93600,111.5,111.5,111.32,111.32,7
20200807,93900,111.33,111.33,111.26,111.26,31
20200807,94000,111.26,111.26,111.25,111.25,10
20200807,94100,110.78,110.78,110.78,110.78,4
20200807,94500,111.24,111.24,111.24,111.24,1
20200807,94700,111.18,111.18,111.18,111.18,2
20200807,94800,111.24,111.24,111.24,111.24,2
20200807,95000,111.32,111.32,111.32,111.32,8
20200807,95400,111.2,111.35,111.2,111.35,8
20200807,95500,111.42,111.53,111.4,111.4,23
20200807,95800,111.1,111.1,111.1,111.1,20
20200807,100100,111.15,111.15,111.15,111.15,1
20200807,100500,111.17,111.17,111.11,111.11,12
20200807,100900,111.3,111.3,111.3,111.3,1
20200807,101200,111.4,111.4,111.4,111.4,18
20200807,101400,111.11,111.11,111.1,111.1,33
20200807,101500,111.0,111.0,111.0,111.0,7
20200807,102000,111.19,111.19,111.19,111.19,1
20200807,102300,110.83,110.83,110.83,110.83,1
20200807,102700,110.97,111.02,110.97,111.02,12
20200807,102900,111.06,111.06,111.06,111.06,1
20200807,103100,111.39,111.39,111.39,111.39,52
20200807,103400,111.16,111.16,111.16,111.16,1
20200807,103800,111.32,111.32,111.32,111.32,11
20200807,103900,111.18,111.32,111.18,111.32,19
20200807,104000,111.33,111.33,111.33,111.33,9
20200807,104700,111.2,111.2,111.2,111.2,5
20200807,105000,111.13,111.23,111.13,111.13,32
20200807,105500,111.13,111.13,111.13,111.13,9
20200807,110300,111.03,111.03,111.03,111.03,70
20200807,111200,111.16,111.37,111.16,111.37,82
20200807,111300,111.37,111.4,111.27,111.27,35
20200807,111400,111.31,111.31,111.31,111.31,23
20200807,111500,111.42,111.49,111.27,111.49,60
20200807,111600,111.5,111.53,111.5,111.53,6
20200807,111700,111.34,111.35,111.34,111.35,40
20200807,111900,111.28,111.28,111.25,111.25,68
20200807,112000,111.3,111.3,111.3,111.3,3
20200807,112100,111.29,111.29,111.28,111.28,12
20200807,112300,111.39,111.39,111.39,111.39,14
20200807,112800,111.2,111.2,111.2,111.2,2
20200807,113000,111.22,111.22,111.22,111.22,10
20200807,130100,111.19,111.19,111.02,111.02,29
20200807,130500,111.02,111.02,111.02,111.02,1
20200807,130700,110.95,110.95,110.95,110.95,3
20200807,130900,111.13,111.13,111.13,111.13,10
20200807,131000,110.95,111.07,110.95,111.07,9
20200807,131600,110.96,110.96,110.96,110.96,2
20200807,132000,111.16,111.19,111.16,111.19,4
20200807,132100,111.09,111.09,111.09,111.09,2
20200807,132200,111.11,111.11,111.1,111.11,8
20200807,132600,111.06,111.06,111.06,111.06,3
20200807,132700,111.04,111.04,111.04,111.04,4
20200807,132900,110.96,110.96,110.96,110.96,1
20200807,133400,110.96,110.96,110.96,110.96,1
20200807,133500,110.96,110.96,110.96,110.96,1
20200807,134400,110.97,110.97,110.97,110.97,1
20200807,140300,110.99,110.99,110.99,110.99,1
20200807,140900,111.34,111.34,111.32,111.32,4
20200807,143400,111.16,111.16,111.05,111.05,12
20200807,143700,111.22,111.22,111.22,111.22,3
20200807,143800,111.22,111.22,111.18,111.18,45
20200807,143900,111.18,111.18,111.18,111.18,17
20200807,144800,111.18,111.18,111.18,111.18,20
20200807,144900,111.17,111.18,111.16,111.18,52
20200807,145200,111.08,111.08,111.07,111.07,4
20200807,145400,111.06,111.06,110.97,110.97,91
20200807,145500,110.97,110.97,110.97,110.97,1
20200807,145700,110.97,110.97,110.97,110.97,20
20200807,145800,110.97,110.97,110.97,110.97,29
20200807,145900,110.97,110.97,110.97,110.97,1
20200807,150000,110.97,110.97,110.97,110.97,0
20200810,93200,110.98,110.98,110.98,110.98,7
20200810,93400,111.07,111.07,111.07,111.07,1
20200810,94300,111.11,111.11,111.11,111.11,3
20200810,94500,111.17,111.17,111.17,111.17,5
20200810,95200,111.02,111.02,111.0,111.0,11
20200810,95300,110.19,110.19,110.19,110.19,1
20200810,100300,110.53,110.54,110.42,110.42,15
20200810,100800,110.48,110.48,110.48,110.48,1
20200810,101100,111.06,111.06,111.06,111.06,10
20200810,101500,111.0,111.0,111.0,111.0,1
20200810,101600,111.02,111.02,111.02,111.02,20
20200810,101900,111.07,111.07,110.87,111.06,5
20200810,102400,111.07,111.07,111.06,111.06,118
20200810,102500,111.07,111.66,111.07,111.66,135
20200810,102600,111.79,111.79,111.79,111.79,1
20200810,102800,111.21,111.21,111.18,111.18,5
20200810,102900,111.18,111.18,111.18,111.18,27
20200810,103000,111.79,111.8,111.79,111.8,35
20200810,103100,111.55,111.65,111.55,111.65,3
20200810,103200,111.65,111.65,111.65,111.65,2
20200810,103400,110.8,111.73,110.8,111.73,171
20200810,103500,114.01,114.01,114.01,114.01,235
20200810,103600,113.66,113.66,111.4,111.4,46
20200810,103700,111.42,111.42,111.42,111.42,209
20200810,103800,111.41,113.48,111.41,113.47,210
20200810,103900,113.41,113.41,113.41,113.41,1
20200810,104000,111.05,111.05,111.05,111.05,393
20200810,104100,113.25,113.28,111.04,111.04,559
20200810,104200,112.91,113.28,112.91,113.27,61
20200810,104300,113.28,113.28,113.28,113.28,20
20200810,104400,111.2,111.2,111.2,111.2,440
20200810,104600,113.13,113.21,113.13,113.21,420
20200810,104700,111.64,111.64,111.62,111.62,20
20200810,104800,111.6,111.6,111.6,111.6,420
20200810,104900,111.87,111.87,111.86,111.86,41
20200810,105000,111.67,113.2,111.61,113.2,437
20200810,105200,113.2,113.2,113.2,113.2,220
20200810,105300,111.51,111.51,111.51,111.51,430
20200810,105400,112.47,112.47,111.65,111.65,12
20200810,105500,112.49,112.49,112.49,112.49,400
20200810,105600,111.6,111.6,111.6,111.6,400
20200810,105700,111.68,111.68,111.68,111.68,1
20200810,105800,112.48,112.48,112.46,112.46,391
20200810,105900,112.0,112.0,111.96,111.96,226
20200810,110300,112.0,112.0,112.0,112.0,128
20200810,110400,112.0,112.01,112.0,112.01,41
20200810,110500,112.13,112.13,112.13,112.13,12
20200810,110700,112.0,112.2,112.0,112.2,46
20200810,110800,112.02,112.02,112.02,112.02,7
20200810,111000,112.11,112.11,112.11,112.11,2
20200810,111300,112.11,112.11,112.11,112.11,3
20200810,112100,112.1,112.1,112.1,112.1,103
20200810,130100,112.34,112.34,112.1,112.34,6
20200810,130500,112.1,112.1,112.1,112.1,35
20200810,130600,112.1,112.1,112.09,112.09,175
20200810,130700,112.1,112.1,112.1,112.1,48
20200810,131200,112.1,112.1,112.1,112.1,4
20200810,131600,112.1,112.1,112.1,112.1,5
20200810,131700,112.1,112.1,112.1,112.1,10
20200810,132200,112.29,112.29,112.1,112.1,7
20200810,133700,112.1,112.1,112.1,112.1,1
20200810,134800,112.1,112.1,112.1,112.1,2
20200810,135000,112.28,112.28,112.28,112.28,20
20200810,135300,112.0,112.0,112.0,112.0,254
20200810,135400,112.0,112.0,112.0,112.0,200
20200810,135500,111.99,111.99,111.99,111.99,22
20200810,140300,111.64,111.65,111.62,111.65,133
20200810,140400,111.6,111.64,111.6,111.64,18
20200810,140700,111.65,111.65,111.65,111.65,66
20200810,140800,111.65,111.65,111.65,111.65,50
20200810,140900,111.65,111.65,111.65,111.65,100
20200810,141000,111.51,111.51,111.51,111.51,1
20200810,141100,111.53,111.65,111.53,111.65,10
20200810,142100,111.65,111.65,111.65,111.65,13
20200810,142500,111.95,111.95,111.95,111.95,2
20200810,142700,111.51,111.51,111.5,111.5,21
20200810,143100,111.4,111.4,111.4,111.4,11
20200810,143200,111.31,111.31,111.31,111.31,3
20200810,143900,111.24,111.24,111.24,111.24,1
20200810,144000,111.0,111.0,111.0,111.0,204
20200810,144100,111.17,111.17,111.16,111.16,19
20200810,144200,111.17,111.17,111.16,111.17,22
20200810,144300,111.16,111.16,111.16,111.16,2
20200810,144900,111.04,111.04,111.04,111.04,1
20200810,145200,111.02,111.38,111.0,111.38,122
20200810,145300,111.0,111.0,111.0,111.0,59
20200810,145400,111.0,111.0,111.0,111.0,56
20200810,145500,111.0,111.0,111.0,111.0,16
20200810,145700,111.0,111.0,111.0,111.0,14
20200810,145800,111.14,111.14,111.14,111.14,2
20200810,150000,111.49,111.49,111.46,111.46,48
20200811,93600,111.11,111.15,111.11,111.15,7
20200811,93800,111.19,111.19,111.19,111.19,20
20200811,93900,111.89,111.96,111.89,111.96,7
20200811,94100,111.99,111.99,111.94,111.94,5
20200811,94200,111.98,112.13,111.98,112.13,5
20200811,94300,111.98,111.98,111.98,111.98,2
20200811,94400,112.0,112.0,112.0,112.0,1
20200811,94600,111.93,111.93,111.93,111.93,11
20200811,100300,111.97,111.97,111.97,111.97,3
20200811,100600,111.97,111.97,111.97,111.97,1
20200811,100800,112.0,112.0,112.0,112.0,1
20200811,101600,112.19,112.19,112.19,112.19,1
20200811,102000,112.19,112.19,112.19,112.19,8
20200811,102200,112.0,112.0,112.0,112.0,4
20200811,102400,112.0,112.0,112.0,112.0,5
20200811,103300,111.99,111.99,111.99,111.99,1
20200811,103600,112.0,112.0,112.0,112.0,13
20200811,104500,112.0,112.01,112.0,112.01,12
20200811,105200,111.89,111.89,111.89,111.89,11
20200811,105300,111.89,111.89,111.89,111.89,35
20200811,105500,111.69,111.69,111.69,111.69,1
20200811,110600,111.91,111.91,111.91,111.91,2
20200811,111000,111.6,111.6,111.6,111.6,12
20200811,111200,111.82,111.82,111.82,111.82,2
20200811,112300,111.61,111.61,111.61,111.61,1
20200811,112900,111.62,111.62,111.62,111.62,1
20200811,130100,111.62,111.62,111.62,111.62,4
20200811,130300,111.88,111.88,111.88,111.88,1
20200811,130500,111.8,111.8,111.8,111.8,5
20200811,130800,111.69,111.69,111.63,111.64,12
20200811,131000,111.64,111.64,111.64,111.64,17
20200811,133000,111.87,111.87,111.87,111.87,5
20200811,133300,111.64,111.64,111.61,111.61,5
20200811,133400,111.6,111.6,111.6,111.6,2
20200811,134000,111.67,111.67,111.67,111.67,3
20200811,134100,111.56,111.56,111.56,111.56,3
20200811,135700,111.57,111.57,111.57,111.57,4
20200811,140800,111.55,111.55,111.55,111.55,23
20200811,140900,111.55,111.55,111.55,111.55,36
20200811,141000,111.51,111.51,111.51,111.51,10
20200811,142400,111.5,111.5,111.5,111.5,1
20200811,143600,111.43,111.43,111.43,111.43,1
20200811,143700,111.32,111.32,111.32,111.32,2
20200811,143800,111.26,111.46,111.26,111.33,12
20200811,143900,111.49,111.49,111.49,111.49,3
20200811,144100,111.33,111.33,111.33,111.33,3
20200811,145100,111.35,111.35,111.35,111.35,10
20200811,145200,111.25,111.25,111.2,111.2,18
20200811,145300,111.11,111.11,111.0,111.08,46
20200811,145500,111.0,111.0,111.0,111.0,8
20200811,150000,111.01,111.01,111.01,111.01,1
20200812,93100,111.79,111.79,110.93,110.93,8
20200812,94300,111.2,111.2,111.2,111.2,18
20200812,94400,110.98,111.01,110.98,110.98,37
20200812,94500,110.98,110.98,110.92,110.93,6
20200812,94800,110.83,110.83,110.83,110.83,1
20200812,95200,110.87,110.87,110.87,110.87,8
20200812,95900,110.87,110.87,110.87,110.87,3
20200812,100000,110.63,110.63,110.63,110.63,75
20200812,100600,110.63,110.63,110.63,110.63,26
20200812,100900,110.63,110.63,110.63,110.63,13
20200812,101300,111.0,111.0,111.0,111.0,5
20200812,101700,110.68,110.68,110.5,110.51,14
20200812,102000,110.5,110.5,110.28,110.28,9
20200812,102600,110.11,110.11,110.0,110.0,507
20200812,103400,110.01,110.01,110.01,110.01,10
20200812,104700,110.17,110.17,110.17,110.17,4
20200812,105600,110.08,110.08,110.08,110.08,1
20200812,110000,110.54,110.54,110.54,110.54,5
20200812,110100,110.52,110.52,110.52,110.52,27
20200812,111700,110.2,110.2,110.2,110.2,2
20200812,113000,110.01,110.01,110.01,110.01,42
20200812,130100,110.26,110.26,110.26,110.26,17
20200812,130400,110.21,110.21,110.21,110.21,3
20200812,130500,110.0,110.0,110.0,110.0,13
20200812,130800,110.0,110.0,110.0,110.0,8
20200812,132100,110.0,110.0,110.0,110.0,1
20200812,132200,110.0,110.02,110.0,110.02,136
20200812,132500,110.0,110.0,110.0,110.0,9
20200812,133800,110.0,110.0,110.0,110.0,6
20200812,134000,110.0,110.0,110.0,110.0,7
20200812,134100,110.15,110.15,110.0,110.0,13
20200812,134700,110.1,110.1,110.1,110.1,1
20200812,135300,110.0,110.0,110.0,110.0,4
20200812,135500,110.0,110.0,110.0,110.0,9
20200812,135700,110.04,110.04,110.04,110.04,19
20200812,135900,110.0,110.0,110.0,110.0,36
20200812,140500,110.03,110.03,110.03,110.03,10
20200812,140600,110.58,110.64,110.58,110.64,26
20200812,141000,110.44,110.44,110.44,110.44,6
20200812,141200,110.55,110.55,110.55,110.55,6
20200812,141300,110.65,110.65,110.47,110.47,33
20200812,144200,110.4,110.4,110.4,110.4,1
20200812,144300,110.43,110.43,110.4,110.4,11
20200812,144500,110.24,110.24,110.24,110.24,10
20200812,145300,110.15,110.16,110.15,110.16,57
20200812,145400,110.0,110.0,110.0,110.0,29
20200812,145500,109.7,109.7,109.6,109.6,44
20200812,145700,109.61,109.7,109.61,109.7,12
20200812,145800,109.76,109.76,109.76,109.76,3
20200812,150000,109.76,109.76,109.72,109.72,0
20200813,93100,109.72,109.72,109.72,109.72,1
20200813,93900,110.49,110.49,110.49,110.49,1
20200813,94500,110.36,110.62,110.36,110.62,34
20200813,94600,110.25,110.25,110.25,110.25,8
20200813,95700,110.5,110.5,110.35,110.35,8
20200813,95800,110.35,110.35,110.35,110.35,3
20200813,95900,110.68,110.68,110.68,110.68,1
20200813,100100,110.89,110.89,110.89,110.89,1
20200813,100300,110.46,110.46,110.46,110.46,9
20200813,100800,110.7,110.7,110.7,110.7,3
20200813,102300,110.7,110.7,110.7,110.7,9
20200813,102400,110.7,110.7,110.7,110.7,4
20200813,102500,110.69,110.69,110.69,110.69,2
20200813,102600,110.74,110.74,110.74,110.74,6
20200813,104100,110.79,110.79,110.79,110.79,2
20200813,112000,110.8,110.8,110.8,110.8,2
20200813,112400,110.65,110.65,110.65,110.65,2
20200813,130100,110.79,110.79,110.79,110.79,2
20200813,130200,110.8,110.8,110.8,110.8,10
20200813,130700,110.72,110.72,110.72,110.72,10
20200813,132300,110.85,110.85,110.85,110.85,1
20200813,133100,110.81,110.81,110.81,110.81,1
20200813,134000,110.68,110.68,110.68,110.68,20
20200813,141400,110.52,110.52,110.52,110.52,5
20200813,142200,110.5,110.5,110.5,110.5,78
20200813,144500,110.79,110.79,110.79,110.79,1
20200813,145200,110.6,110.6,110.52,110.52,43
20200813,145400,110.5,110.5,110.5,110.5,56
20200813,145500,110.5,110.5,110.5,110.5,4
20200813,145700,110.5,110.5,110.5,110.5,12
20200813,145800,110.5,110.5,110.5,110.5,4
20200813,150000,110.5,110.54,110.5,110.54,0
20200814,94300,111.48,111.48,111.48,111.48,1
20200814,94500,111.46,111.46,111.46,111.46,2
20200814,94800,111.4,111.4,111.4,111.4,10
20200814,95500,110.8,110.8,110.8,110.8,3
20200814,95600,111.19,111.19,111.19,111.19,1
20200814,95900,111.0,111.0,110.97,110.97,10
20200814,101000,110.85,110.85,110.85,110.85,12
20200814,101200,110.85,110.85,110.85,110.85,1
20200814,105200,110.93,110.93,110.93,110.93,1
20200814,105300,110.95,110.97,110.95,110.97,4
20200814,105500,110.96,110.96,110.96,110.96,2
20200814,105700,110.96,110.96,110.96,110.96,1
20200814,110200,111.13,111.13,111.13,111.13,1
20200814,111900,111.12,111.12,111.12,111.12,5
20200814,112000,111.12,111.13,111.12,111.13,20
20200814,112800,111.18,111.18,111.18,111.18,10
20200814,112900,111.19,111.19,111.19,111.19,1
20200814,113000,111.0,111.0,111.0,111.0,1
20200814,130100,111.0,111.0,111.0,111.0,1
20200814,130300,111.0,111.0,111.0,111.0,6
20200814,131000,110.98,110.98,110.98,110.98,18
20200814,131100,111.16,111.16,111.16,111.16,3
20200814,132700,111.14,111.14,111.14,111.14,1
20200814,134500,110.96,110.96,110.96,110.96,1
20200814,140100,110.96,110.96,110.96,110.96,2
20200814,141000,110.95,110.95,110.95,110.95,3
20200814,141300,111.1,111.1,111.1,111.1,3
20200814,141800,111.13,111.13,111.13,111.13,1
20200814,143200,111.13,111.13,111.13,111.13,18
20200814,144100,110.99,110.99,110.99,110.99,4
20200814,144200,110.95,110.95,110.92,110.92,4
20200814,145200,110.9,110.9,110.9,110.9,7
20200814,145300,110.9,110.9,110.9,110.9,10
20200814,145600,110.9,110.9,110.9,110.9,1
20200814,145800,110.85,110.85,110.85,110.85,1
20200814,150000,110.85,110.85,110.85,110.85,0
20200817,93100,111.0,111.39,111.0,111.39,4
20200817,93200,111.39,111.4,111.39,111.4,14
20200817,95100,111.47,111.47,111.47,111.47,2
20200817,95300,111.69,111.69,111.69,111.69,1
20200817,95800,111.11,111.11,111.11,111.11,5
20200817,100100,111.52,111.89,111.52,111.89,63
20200817,100200,111.92,112.57,111.92,112.57,177
20200817,100300,112.99,112.99,111.99,111.99,14
20200817,100400,112.0,112.17,112.0,112.17,3
20200817,100500,112.17,112.17,112.05,112.05,12
20200817,100600,112.02,112.17,112.02,112.17,10
20200817,100700,112.22,112.22,112.22,112.22,14
20200817,100800,112.21,112.21,112.21,112.21,1
20200817,101000,112.21,112.21,112.21,112.21,1
20200817,101200,112.19,112.19,112.19,112.19,1
20200817,101300,112.02,112.02,112.01,112.01,54
20200817,101400,112.03,112.22,112.03,112.22,52
20200817,101600,112.42,113.08,112.42,113.08,178
20200817,101700,113.81,113.81,112.83,112.85,179
20200817,101800,112.85,113.18,112.85,113.14,45
20200817,101900,113.12,113.12,113.12,113.12,1
20200817,102000,112.97,113.13,112.9,113.13,83
20200817,102100,112.99,112.99,112.99,112.99,24
20200817,102200,113.11,113.11,113.11,113.11,2
20200817,102300,112.99,112.99,112.99,112.99,5
20200817,102400,112.99,113.09,112.99,113.09,2
20200817,102600,113.09,113.09,113.09,113.09,1
20200817,102700,112.99,113.0,112.99,113.0,38
20200817,102800,113.09,113.09,113.0,113.0,11
20200817,102900,113.0,113.1,112.99,113.1,82
20200817,103000,113.0,113.0,113.0,113.0,52
20200817,103200,113.11,113.11,113.11,113.11,1
20200817,103300,113.11,113.11,113.11,113.11,2
20200817,103500,113.15,113.39,113.15,113.39,56
20200817,103600,113.17,113.17,113.11,113.11,123
20200817,103700,111.93,113.11,111.93,113.11,6
20200817,103900,112.39,112.39,112.39,112.39,30
20200817,104000,112.78,112.78,112.78,112.78,4
20200817,104300,112.88,112.88,112.88,112.88,1
20200817,104400,112.75,112.75,112.61,112.61,50
20200817,104500,112.7,112.7,112.7,112.7,1
20200817,104600,112.61,112.61,112.61,112.61,5
20200817,104700,112.69,112.69,112.69,112.69,1
20200817,104900,112.69,112.69,112.61,112.61,19
20200817,105100,112.59,112.59,112.59,112.59,1
20200817,105200,112.42,112.42,112.42,112.42,1
20200817,105300,112.59,112.6,111.96,111.96,78
20200817,105500,112.59,112.59,112.42,112.42,5
20200817,105900,112.18,112.18,112.18,112.18,1
20200817,110200,111.98,111.98,111.98,111.98,3
20200817,110300,112.24,112.24,112.24,112.24,1
20200817,110400,112.4,112.4,112.4,112.4,1
20200817,110600,112.42,112.42,112.42,112.42,1
20200817,110800,112.42,112.42,112.42,112.42,1
20200817,110900,112.6,112.6,112.6,112.6,6
20200817,111000,112.46,112.46,112.46,112.46,1
20200817,111200,112.31,112.31,112.31,112.31,1
20200817,111300,112.6,112.6,112.6,112.6,500
20200817,111400,112.13,112.14,112.12,112.12,26
20200817,111500,112.25,112.25,112.25,112.25,4
20200817,111600,112.22,112.26,112.22,112.26,24
20200817,111800,112.48,112.48,112.48,112.48,1
20200817,112300,112.02,112.02,112.02,112.02,9
20200817,112400,112.2,112.21,112.2,112.21,20
20200817,112900,112.37,112.37,112.08,112.08,9
20200817,113000,112.35,112.35,112.01,112.01,4
20200817,130100,112.01,112.31,112.01,112.31,22
20200817,130400,112.18,112.18,112.18,112.18,1
20200817,130500,112.18,112.18,112.18,112.18,1
20200817,130700,111.95,111.96,111.94,111.94,33
20200817,130900,111.94,111.94,111.94,111.94,1
20200817,131100,111.94,111.94,111.94,111.94,1
20200817,131300,111.75,111.96,111.72,111.96,21
20200817,131500,111.95,111.95,111.95,111.95,1
20200817,131700,111.96,111.96,111.96,111.96,1
20200817,131800,111.69,111.69,111.69,111.69,17
20200817,131900,111.94,111.94,111.94,111.94,2
20200817,132100,111.94,111.94,111.94,111.94,1
20200817,132300,111.96,111.96,111.96,111.96,1
20200817,132400,111.71,111.71,111.71,111.71,5
20200817,132500,111.89,111.89,111.76,111.76,26
20200817,132700,111.89,111.89,111.85,111.85,3
20200817,132800,111.66,111.66,111.66,111.66,5
20200817,132900,111.81,111.83,111.81,111.83,20
20200817,133000,111.84,111.84,111.84,111.84,20
20200817,134200,111.89,111.89,111.89,111.89,26
20200817,134400,112.28,112.28,112.28,112.28,5
20200817,134700,111.93,111.93,111.93,111.93,2
20200817,135800,111.94,111.95,111.94,111.95,7
20200817,140300,111.89,111.89,111.89,111.89,8
20200817,140400,111.9,111.9,111.9,111.9,4
20200817,140700,112.3,112.3,111.88,111.88,15
20200817,140800,111.89,111.89,111.89,111.89,6
20200817,140900,111.92,111.92,111.92,111.92,3
20200817,141600,111.81,111.81,111.81,111.81,3
20200817,141700,111.81,111.81,111.81,111.81,2
20200817,142200,111.86,111.86,111.86,111.86,4
20200817,142300,111.86,111.86,111.86,111.86,2
20200817,142600,111.86,111.86,111.86,111.86,1
20200817,143500,111.8,111.8,111.8,111.8,211
20200817,144400,112.17,112.17,112.17,112.17,10
20200817,145000,112.14,112.15,112.14,112.15,20
20200817,145100,111.8,111.8,111.8,111.8,5
20200817,145300,111.65,111.65,109.33,109.33,143
20200817,145400,109.33,111.0,109.33,111.0,274
20200817,145500,111.0,111.11,111.0,111.11,107
20200817,145600,111.38,111.38,111.38,111.38,22
20200817,145700,111.13,111.38,111.13,111.38,5
20200817,145800,112.1,112.1,112.1,112.1,5
20200817,145900,111.37,111.37,111.37,111.37,21
20200817,150000,111.37,111.39,111.37,111.39,0
20200818,93100,111.9,111.9,111.9,111.9,31
20200818,93200,111.79,111.79,111.79,111.79,1
20200818,94100,110.62,111.32,110.62,111.32,47
20200818,94500,111.94,111.94,111.94,111.94,3
20200818,94600,111.39,111.39,111.39,111.39,8
20200818,94700,111.43,111.86,111.43,111.86,4
20200818,94900,111.51,111.51,111.51,111.51,17
20200818,95000,111.61,111.61,111.6,111.6,23
20200818,95500,111.72,111.72,111.72,111.72,1
20200818,95700,111.85,111.85,111.85,111.85,5
20200818,100800,111.81,111.81,111.81,111.81,18
20200818,100900,111.81,111.81,111.81,111.81,10
20200818,101000,111.81,111.81,111.81,111.81,8
20200818,102200,111.85,111.85,111.85,111.85,6
20200818,102400,111.86,111.86,111.86,111.86,6
20200818,102600,111.8,111.8,111.8,111.8,1
20200818,103400,111.8,111.8,111.8,111.8,1
20200818,103500,111.55,111.55,111.55,111.55,53
20200818,103600,111.55,111.55,111.51,111.55,101
20200818,103700,111.55,111.55,111.55,111.55,50
20200818,103800,111.5,111.5,111.39,111.39,15
20200818,104100,111.31,111.31,111.31,111.31,13
20200818,104400,111.3,111.3,111.3,111.3,1
20200818,104500,111.3,111.3,111.3,111.3,13
20200818,104700,111.21,111.22,111.21,111.22,196
20200818,104800,111.21,111.21,111.21,111.21,8
20200818,104900,111.22,111.55,111.22,111.54,139
20200818,105000,111.55,111.79,111.54,111.79,140
20200818,105100,111.8,111.8,111.8,111.8,300
20200818,105400,110.6,110.6,110.6,110.6,578
20200818,105500,111.8,111.8,111.8,111.8,530
20200818,105700,110.62,111.76,110.62,111.2,541
20200818,110000,111.94,112.29,111.94,112.29,603
20200818,110100,112.24,112.28,112.24,112.28,50
20200818,110200,112.01,112.01,111.98,111.98,37
20200818,110300,110.89,110.89,110.89,110.89,584
20200818,110400,111.3,111.3,111.3,111.3,9
20200818,110500,111.38,111.72,111.38,111.72,20
20200818,110700,111.79,111.79,111.79,111.79,625
20200818,110900,110.97,110.97,110.97,110.97,625
20200818,111200,111.79,111.79,111.79,111.79,640
20200818,111400,111.06,111.06,111.06,111.06,640
20200818,111500,111.28,111.28,111.28,111.28,64
20200818,111600,111.29,111.29,111.29,111.29,92
20200818,111800,111.77,111.77,111.77,111.77,500
20200818,112100,111.03,111.03,111.03,111.03,500
20200818,112200,112.0,112.0,112.0,112.0,850
20200818,112500,111.1,111.1,111.1,111.1,680
20200818,112600,111.53,111.53,111.12,111.12,172
20200818,112700,111.25,111.25,111.25,111.25,5
20200818,112800,111.62,111.62,111.31,111.62,741
20200818,112900,111.38,111.38,111.38,111.38,26
20200818,113000,111.37,111.38,111.37,111.38,75
20200818,130700,111.37,111.37,111.37,111.37,4
20200818,131600,111.22,111.22,111.22,111.22,720
20200818,131800,112.3,112.3,112.24,112.24,831
20200818,132300,112.06,112.06,112.06,112.06,1
20200818,132400,112.04,112.04,112.04,112.04,5
20200818,132600,111.34,111.34,111.34,111.34,712
20200818,133400,112.0,112.0,112.0,112.0,590
20200818,133500,112.0,112.0,112.0,112.0,200
20200818,133600,111.43,111.43,111.43,111.43,700
20200818,133900,111.93,112.52,111.89,112.52,725
20200818,134300,111.9,111.9,111.62,111.62,75
20200818,134400,111.6,111.6,111.6,111.6,100
20200818,134700,111.6,111.68,111.6,111.68,59
20200818,134800,111.68,111.78,111.68,111.77,5
20200818,135000,111.67,111.88,111.67,111.88,81
20200818,135500,111.61,111.61,111.61,111.61,50
20200818,135600,111.62,111.62,111.62,111.62,37
20200818,140300,111.53,111.53,111.53,111.53,15
20200818,140700,111.58,111.58,111.58,111.58,36
20200818,140900,111.36,111.36,111.36,111.36,616
20200818,141100,112.4,112.4,112.4,112.4,690
20200818,141400,112.33,112.34,112.33,112.34,16
20200818,141500,111.74,111.74,111.74,111.74,10
20200818,142100,111.96,111.96,111.96,111.96,1
20200818,142600,112.11,112.11,112.11,112.11,2
20200818,142800,111.89,111.89,111.89,111.89,10
20200818,143000,111.88,111.88,111.46,111.46,125
20200818,143100,111.45,111.45,111.41,111.41,137
20200818,143300,111.41,111.41,111.41,111.41,17
20200818,143400,111.4,111.4,111.4,111.4,3
20200818,143500,111.4,111.4,111.3,111.3,59
20200818,144900,111.3,111.3,111.26,111.26,32
20200818,145200,111.26,111.26,111.26,111.26,7
20200818,145300,111.24,111.24,110.65,110.78,224
20200818,145400,110.8,110.89,110.8,110.89,51
20200818,145500,111.0,111.0,111.0,111.0,57
20200818,145600,111.01,111.01,111.0,111.0,34
20200818,145700,110.78,111.0,110.78,111.0,20
20200818,145800,111.0,111.01,111.0,111.01,52
20200818,145900,111.05,111.05,111.05,111.05,1
20200818,150000,111.04,111.04,111.04,111.04,2
20200819,93100,111.48,111.48,111.3,111.48,12
20200819,93300,111.48,111.6,111.48,111.6,18
20200819,93400,111.53,111.6,111.53,111.56,77
20200819,93500,111.73,111.77,111.73,111.77,14
20200819,93700,111.69,111.7,111.68,111.68,20
20200819,93800,111.68,111.71,111.58,111.58,33
20200819,94100,111.41,111.42,111.41,111.42,20
20200819,94300,111.3,111.3,111.3,111.3,6
20200819,94500,111.68,111.68,111.68,111.68,19
20200819,94600,111.68,111.68,111.68,111.68,25
20200819,94700,111.45,111.45,111.45,111.45,3
20200819,95800,111.55,111.55,111.55,111.55,4
20200819,95900,111.18,111.18,111.0,111.01,242
20200819,100000,111.18,111.18,111.18,111.18,5
20200819,100100,111.18,111.18,111.18,111.18,50
20200819,100200,111.18,111.18,111.18,111.18,23
20200819,100300,111.17,111.18,111.02,111.18,67
20200819,100400,111.18,111.18,111.18,111.18,64
20200819,100500,111.18,111.18,111.18,111.18,1506
20200819,100600,111.18,111.18,111.18,111.18,141
20200819,100700,111.18,111.18,111.18,111.18,33
20200819,100800,111.18,111.18,111.18,111.18,380
20200819,100900,111.18,111.41,111.18,111.41,608
20200819,101000,111.41,111.41,111.21,111.21,173
20200819,101200,111.42,111.42,111.38,111.38,2
20200819,101300,111.35,111.35,111.35,111.35,30
20200819,101400,111.49,111.49,111.49,111.49,2
20200819,101700,111.35,111.49,111.29,111.49,35
20200819,101800,111.59,111.59,111.35,111.5,9
20200819,101900,111.5,111.68,111.5,111.65,12
20200819,102100,111.63,111.63,111.63,111.63,4
20200819,102200,111.4,111.41,111.39,111.41,455
20200819,102300,111.67,111.67,111.63,111.65,33
20200819,102400,111.45,111.65,111.45,111.63,101
20200819,102500,111.5,111.5,111.4,111.5,171
20200819,102600,111.5,111.5,111.4,111.5,173
20200819,102700,111.49,111.49,111.49,111.49,20
20200819,102900,111.3,111.3,111.29,111.3,149
20200819,103100,111.3,111.3,111.3,111.3,1059
20200819,103200,111.3,111.45,111.3,111.43,233
20200819,103300,111.44,111.45,111.44,111.45,98
20200819,103400,111.45,111.45,111.45,111.45,99
20200819,103500,111.45,111.45,111.45,111.45,138
20200819,103800,111.45,111.45,111.45,111.45,49
20200819,104800,111.43,111.43,111.43,111.43,19
20200819,104900,111.44,111.45,111.44,111.45,68
20200819,105300,111.45,111.45,111.45,111.45,10
20200819,110100,111.31,111.31,111.31,111.31,3
20200819,110200,111.45,111.45,111.45,111.45,1005
20200819,110300,111.45,111.45,111.45,111.45,55
20200819,110500,111.36,111.36,111.3,111.3,16
20200819,110900,111.29,111.29,111.29,111.29,38
20200819,111500,111.28,111.28,111.28,111.28,5
20200819,111600,111.28,111.28,111.28,111.28,5
20200819,111800,111.19,111.19,111.18,111.18,31
20200819,130100,111.14,111.14,111.14,111.14,2
20200819,130600,111.44,111.44,111.44,111.44,1
20200819,131000,111.44,111.44,111.44,111.44,8
20200819,131200,111.45,111.45,111.45,111.45,3
20200819,131500,111.45,111.45,111.45,111.45,37
20200819,131700,111.44,111.44,111.44,111.44,3
20200819,132300,111.45,111.45,111.45,111.45,123
20200819,132400,111.45,111.45,111.45,111.45,50
20200819,132500,111.44,111.44,111.44,111.44,36
20200819,133000,111.44,111.44,111.35,111.35,69
20200819,133100,111.43,111.43,111.43,111.43,87
20200819,133200,111.45,111.45,111.45,111.45,141
20200819,133300,111.45,111.45,111.45,111.45,57
20200819,133500,111.45,111.45,111.44,111.45,351
20200819,133600,111.44,111.45,111.44,111.45,100
20200819,133700,111.45,111.66,111.45,111.46,2036
20200819,133800,111.51,111.51,111.44,111.44,100
20200819,133900,111.45,111.45,111.44,111.45,94
20200819,134000,111.46,111.46,111.44,111.44,2052
20200819,134100,111.44,111.44,111.44,111.44,94
20200819,134200,111.44,111.44,111.44,111.44,20
20200819,134300,111.45,111.45,111.45,111.45,50
20200819,134600,111.45,111.45,111.45,111.45,210
20200819,135200,111.44,111.44,111.44,111.44,1
20200819,135600,111.45,111.45,111.44,111.44,41
20200819,135800,111.45,111.45,111.45,111.45,1
20200819,135900,111.44,111.44,111.44,111.44,33
20200819,140100,111.44,111.44,111.44,111.44,3
20200819,140200,111.44,111.44,111.44,111.44,745
20200819,140400,111.44,111.44,111.44,111.44,2
20200819,140500,111.45,111.45,111.45,111.45,2
20200819,140700,111.44,111.44,111.44,111.44,30
20200819,140900,111.44,111.44,111.44,111.44,1596
20200819,141100,111.44,111.44,111.44,111.44,2
20200819,141200,111.45,111.45,111.45,111.45,1
20200819,141300,111.45,111.45,111.45,111.45,10
20200819,141400,111.44,111.44,111.44,111.44,20
20200819,141500,111.44,111.44,111.44,111.44,19
20200819,141600,111.45,111.45,111.45,111.45,30
20200819,141700,111.44,111.44,111.44,111.44,66
20200819,141800,111.44,111.44,111.44,111.44,7
20200819,142000,111.44,111.44,111.44,111.44,90
20200819,142300,111.45,111.45,111.45,111.45,8
20200819,142500,111.45,111.45,111.45,111.45,50
20200819,142600,111.44,111.44,111.44,111.44,58
20200819,142700,111.44,111.44,111.44,111.44,2
20200819,142900,111.44,111.44,111.44,111.44,1
20200819,143100,111.44,111.44,111.44,111.44,68
20200819,143200,111.44,111.44,111.44,111.44,2
20200819,143600,111.44,111.45,111.44,111.45,32
20200819,143900,111.44,111.44,111.44,111.44,35
20200819,144000,111.45,111.45,111.45,111.45,6
20200819,144300,111.44,111.44,111.44,111.44,10
20200819,144600,111.44,111.44,111.44,111.44,20
20200819,144700,111.44,111.44,111.44,111.44,2
20200819,144900,111.44,111.44,111.44,111.44,6
20200819,145000,111.44,111.44,111.44,111.44,1
20200819,145100,111.44,111.44,111.44,111.44,7
20200819,145600,111.45,111.45,110.83,110.83,90
20200819,150000,111.2,111.2,111.2,111.2,0
